qseqid,paralogy_index,paralogy_index_ignoreMissing,paralog_percent,paralog_percent_ignoreMissing,full_percent,unique_percent,missing_percent,n_chroms,Sample,orderMean,step.k1.pred,nplr_mod.pred,nplr_mod.pred_resid
4744,0.85,1,0,0,85.4,85.4,14.6,2,Sorbus-sambucifolia_S232BIN,1,24.0384615384615,0.256387538798007,-0.256387538798007
4744,0.85,1,0,0,85.4,85.4,14.6,2,Malus-sylvestris_Mlu226BIN,1,24.0384615384615,0.256387538798007,-0.256387538798007
4744,0.85,1,0,0,85.4,85.4,14.6,2,Crataegus-dahurica_Cr204Bab,1,24.0384615384615,0.256387538798007,-0.256387538798007
4744,0.85,1,0,0,85.4,85.4,14.6,2,Sorbus-aucuparia_S217RU,1,24.0384615384615,0.256387538798007,-0.256387538798007
4744,0.85,1,0,0,85.4,85.4,14.6,2,Malus-sieversii_Mlu211GrAl,1,24.0384615384615,0.256387538798007,-0.256387538798007
4744,0.85,1,0,0,85.4,85.4,14.6,2,Crataegus-remotilobata_Cr193GrAl,1,24.0384615384615,0.256387538798007,-0.256387538798007
4744,0.85,1,0,0,85.4,85.4,14.6,2,Crataegus-triflora_Cr184TAD,1,24.0384615384615,0.256387538798007,-0.256387538798007
4744,0.85,1,0,0,85.4,85.4,14.6,2,Sorbus-tianschanica_S230GrAl,1,24.0384615384615,0.256387538798007,-0.256387538798007
4744,0.85,1,0,0,85.4,85.4,14.6,2,Malus-ombrophila_Mlu225ILL,1,24.0384615384615,0.256387538798007,-0.256387538798007
4744,0.85,1,0,0,85.4,85.4,14.6,2,Crataegus-calpodendron_Cr183TAD,1,24.0384615384615,0.256387538798007,-0.256387538798007
4744,0.85,1,0,0,85.4,85.4,14.6,2,Crataegus-pinnatifida_Cr202RU,1,24.0384615384615,0.256387538798007,-0.256387538798007
4744,0.85,1,0,0,85.4,85.4,14.6,2,Crataegus-pycnoloba_Cr205LE,1,24.0384615384615,0.256387538798007,-0.256387538798007
4744,0.34,1,0,0,33.6,33.6,66.4,1,Pourthiaea-villosa_Pour210RU,1,24.0384615384615,0.256387538798007,-0.256387538798007
4744,0.85,1,0,0,85.4,85.4,14.6,2,Crataegus-brachyacantha_Cr186TAD,1,24.0384615384615,0.256387538798007,-0.256387538798007
4744,0.85,1,0,0,85.4,85.4,14.6,2,Micromeles-alnifolia_Micr214RU,1,24.0384615384615,0.256387538798007,-0.256387538798007
4744,0.34,1,0,0,33.6,33.6,66.4,1,Prunus-tenella_Pru285BGUK,1,24.0384615384615,0.256387538798007,-0.256387538798007
4744,0.85,1,0,0,85.4,85.4,14.6,2,Malus-toringo_Mlu238BIN,1,24.0384615384615,0.256387538798007,-0.256387538798007
4744,0.85,1,0,0,85.4,85.4,14.6,2,Pyracantha-coccinea_Pyrn229Dut,1,24.0384615384615,0.256387538798007,-0.256387538798007
4744,0.85,1,0,0,85.4,85.4,14.6,2,Pyrus-regelii_Pyr227GrAl,1,24.0384615384615,0.256387538798007,-0.256387538798007
4744,0.87,1.02,1.3,1.6,85.4,84.1,14.6,2,Crataegus-aronia_Cr197LE,1,24.0384615384615,0.256387538798007,1.34361246120199
4744,0.87,1.02,1.3,1.6,85.4,84.1,14.6,2,Crataegus-pentagyna_Cr195RU,1,24.0384615384615,0.256387538798007,1.34361246120199
4744,0.87,1.02,1.3,1.6,85.4,84.1,14.6,2,Crataegus-punctata_Cr185TAD,1,24.0384615384615,0.256387538798007,1.34361246120199
4744,0.87,1.02,1.3,1.6,85.4,84.1,14.6,2,Crataegus-monogyna_Cr206Wiss,1,24.0384615384615,0.256387538798007,1.34361246120199
4744,0.87,1.02,1.3,1.6,85.4,84.1,14.6,2,Crataegus-chlorosarca_Cr196LE,1,24.0384615384615,0.256387538798007,1.34361246120199
4744,0.87,1.02,1.3,1.6,85.4,84.1,14.6,2,Crataegus-laevigata_Cr209Wiss,1,24.0384615384615,0.256387538798007,1.34361246120199
4744,0.87,1.02,1.3,1.6,85.4,84.1,14.6,2,Hesperomeles-obtusifolia_Hsp222TAD,1,24.0384615384615,0.256387538798007,1.34361246120199
4932,0.66,1,0.3,0.5,66.1,65.8,33.9,1,Prunus-tenella_Pru285BGUK,2,24.0384615384615,0.488403952984805,0.0115960470151946
4932,1.01,1.01,1.3,1.3,100,98.7,0,2,Sorbus-sambucifolia_S232BIN,2,24.0384615384615,0.488403952984805,0.811596047015195
4932,1.01,1.01,1.3,1.3,100,98.7,0,2,Sorbus-tianschanica_S230GrAl,2,24.0384615384615,0.488403952984805,0.811596047015195
4932,1.02,1.02,1.6,1.6,100,98.4,0,2,Malus-sylvestris_Mlu226BIN,2,24.0384615384615,0.488403952984805,1.11159604701519
4932,1.02,1.02,1.6,1.6,100,98.4,0,2,Malus-sieversii_Mlu211GrAl,2,24.0384615384615,0.488403952984805,1.11159604701519
4932,1.02,1.02,1.6,1.6,100,98.4,0,2,Malus-ombrophila_Mlu225ILL,2,24.0384615384615,0.488403952984805,1.11159604701519
4932,1.02,1.02,1.6,1.6,100,98.4,0,2,Malus-toringo_Mlu238BIN,2,24.0384615384615,0.488403952984805,1.11159604701519
4932,1.02,1.02,1.6,1.6,100,98.4,0,2,Pyracantha-coccinea_Pyrn229Dut,2,24.0384615384615,0.488403952984805,1.11159604701519
4932,1.02,1.02,1.7,1.7,100,98.3,0,2,Crataegus-brachyacantha_Cr186TAD,2,24.0384615384615,0.488403952984805,1.21159604701519
4932,1.02,1.02,1.9,1.9,100,98.1,0,2,Sorbus-aucuparia_S217RU,2,24.0384615384615,0.488403952984805,1.41159604701519
4932,1.02,1.02,1.9,1.9,100,98.1,0,2,Pourthiaea-villosa_Pour210RU,2,24.0384615384615,0.488403952984805,1.41159604701519
4932,1.02,1.02,1.9,1.9,100,98.1,0,2,Micromeles-alnifolia_Micr214RU,2,24.0384615384615,0.488403952984805,1.41159604701519
4932,1.02,1.02,1.9,1.9,99.9,98,0.1,2,Pyrus-regelii_Pyr227GrAl,2,24.0384615384615,0.488403952984805,1.41159604701519
4932,1.02,1.02,2,2,100,98,0,2,Crataegus-aronia_Cr197LE,2,24.0384615384615,0.488403952984805,1.51159604701519
4932,1.02,1.02,2,2,100,98,0,2,Crataegus-remotilobata_Cr193GrAl,2,24.0384615384615,0.488403952984805,1.51159604701519
4932,1.02,1.02,2,2,100,98,0,2,Crataegus-punctata_Cr185TAD,2,24.0384615384615,0.488403952984805,1.51159604701519
4932,1.02,1.02,2,2,100,98,0,2,Crataegus-calpodendron_Cr183TAD,2,24.0384615384615,0.488403952984805,1.51159604701519
4932,1.02,1.02,2,2,100,98,0,2,Hesperomeles-obtusifolia_Hsp222TAD,2,24.0384615384615,0.488403952984805,1.51159604701519
4932,1.02,1.02,2.3,2.3,100,97.7,0,2,Crataegus-dahurica_Cr204Bab,2,24.0384615384615,0.488403952984805,1.81159604701519
4932,1.02,1.02,2.3,2.3,100,97.7,0,2,Crataegus-pentagyna_Cr195RU,2,24.0384615384615,0.488403952984805,1.81159604701519
4932,1.02,1.02,2.3,2.3,100,97.7,0,2,Crataegus-triflora_Cr184TAD,2,24.0384615384615,0.488403952984805,1.81159604701519
4932,1.02,1.02,2.3,2.3,100,97.7,0,2,Crataegus-monogyna_Cr206Wiss,2,24.0384615384615,0.488403952984805,1.81159604701519
4932,1.02,1.02,2.3,2.3,100,97.7,0,2,Crataegus-pinnatifida_Cr202RU,2,24.0384615384615,0.488403952984805,1.81159604701519
4932,1.02,1.02,2.3,2.3,100,97.7,0,2,Crataegus-chlorosarca_Cr196LE,2,24.0384615384615,0.488403952984805,1.81159604701519
4932,1.02,1.02,2.3,2.3,100,97.7,0,2,Crataegus-pycnoloba_Cr205LE,2,24.0384615384615,0.488403952984805,1.81159604701519
4932,1.02,1.02,2.3,2.3,100,97.7,0,2,Crataegus-laevigata_Cr209Wiss,2,24.0384615384615,0.488403952984805,1.81159604701519
4954,0.9,1.01,0.7,0.7,89,88.4,11,4,Sorbus-aucuparia_S217RU,3,24.0384615384615,1.36074984819055,-0.660749848190552
4954,0.81,1.01,0.7,0.8,80.7,80,19.3,3,Sorbus-tianschanica_S230GrAl,3,24.0384615384615,1.36074984819055,-0.560749848190552
4954,0.89,1.01,0.8,0.9,87.9,87.2,12.1,3,Crataegus-triflora_Cr184TAD,3,24.0384615384615,1.36074984819055,-0.460749848190552
4954,0.88,1.01,0.8,0.9,87.5,86.7,12.5,3,Crataegus-calpodendron_Cr183TAD,3,24.0384615384615,1.36074984819055,-0.460749848190552
4954,0.89,1.01,0.8,0.9,88.7,87.9,11.3,3,Pourthiaea-villosa_Pour210RU,3,24.0384615384615,1.36074984819055,-0.460749848190552
4954,0.73,1.01,0.7,0.9,72.3,71.7,27.7,2,Prunus-tenella_Pru285BGUK,3,24.0384615384615,1.36074984819055,-0.460749848190552
4954,0.89,1.01,0.8,0.9,87.9,87.2,12.1,3,Pyracantha-coccinea_Pyrn229Dut,3,24.0384615384615,1.36074984819055,-0.460749848190552
4954,0.8,1.01,0.8,1,79.1,78.4,20.9,2,Crataegus-brachyacantha_Cr186TAD,3,24.0384615384615,1.36074984819055,-0.360749848190552
4954,0.89,1.01,1.1,1.3,87.5,86.4,12.5,3,Sorbus-sambucifolia_S232BIN,3,24.0384615384615,1.36074984819055,-0.0607498481905517
4954,0.89,1.01,1.1,1.3,87.5,86.4,12.5,3,Crataegus-dahurica_Cr204Bab,3,24.0384615384615,1.36074984819055,-0.0607498481905517
4954,0.8,1.01,1.1,1.4,79.1,78,20.9,2,Crataegus-chlorosarca_Cr196LE,3,24.0384615384615,1.36074984819055,0.0392501518094481
4954,0.96,1.02,1.5,1.6,94.6,93.1,5.4,4,Pyrus-regelii_Pyr227GrAl,3,24.0384615384615,1.36074984819055,0.239250151809448
4954,0.89,1.02,1.6,1.9,87.5,85.8,12.5,3,Malus-ombrophila_Mlu225ILL,3,24.0384615384615,1.36074984819055,0.539250151809448
4954,0.89,1.02,1.6,1.9,87.5,85.8,12.5,3,Crataegus-pycnoloba_Cr205LE,3,24.0384615384615,1.36074984819055,0.539250151809448
4954,0.89,1.02,1.6,1.9,87.5,85.8,12.5,3,Hesperomeles-obtusifolia_Hsp222TAD,3,24.0384615384615,1.36074984819055,0.539250151809448
4954,0.89,1.02,1.6,1.9,87.5,85.8,12.5,3,Malus-toringo_Mlu238BIN,3,24.0384615384615,1.36074984819055,0.539250151809448
4954,0.81,1.02,1.6,2.1,79.1,77.5,20.9,2,Crataegus-aronia_Cr197LE,3,24.0384615384615,1.36074984819055,0.739250151809448
4954,0.81,1.02,1.6,2.1,79.1,77.5,20.9,2,Crataegus-remotilobata_Cr193GrAl,3,24.0384615384615,1.36074984819055,0.739250151809448
4954,0.81,1.02,1.6,2.1,79.1,77.5,20.9,2,Crataegus-monogyna_Cr206Wiss,3,24.0384615384615,1.36074984819055,0.739250151809448
4954,0.98,1.02,2.1,2.2,95.8,93.7,4.2,4,Crataegus-punctata_Cr185TAD,3,24.0384615384615,1.36074984819055,0.839250151809448
4954,0.9,1.02,2,2.2,87.9,85.9,12.1,3,Crataegus-pinnatifida_Cr202RU,3,24.0384615384615,1.36074984819055,0.839250151809448
4954,0.89,1.02,2,2.3,87.5,85.5,12.5,3,Crataegus-pentagyna_Cr195RU,3,24.0384615384615,1.36074984819055,0.939250151809448
4954,0.81,1.02,2,2.5,79.1,77.2,20.9,2,Malus-sieversii_Mlu211GrAl,3,24.0384615384615,1.36074984819055,1.13925015180945
4954,0.81,1.02,2,2.5,79.1,77.2,20.9,2,Crataegus-laevigata_Cr209Wiss,3,24.0384615384615,1.36074984819055,1.13925015180945
4954,1.07,1.22,17.7,20.1,87.8,70.1,12.2,4,Micromeles-alnifolia_Micr214RU,3,24.0384615384615,1.36074984819055,18.7392501518095
4954,0.98,1.24,19.1,24.1,79.1,60,20.9,3,Malus-sylvestris_Mlu226BIN,3,24.0384615384615,1.36074984819055,22.7392501518095
4757,1,1,0,0,100,100,0,3,Crataegus-aronia_Cr197LE,4,24.0384615384615,3.64160282192567,-3.64160282192567
4757,1,1,0,0,100,100,0,3,Sorbus-sambucifolia_S232BIN,4,24.0384615384615,3.64160282192567,-3.64160282192567
4757,1,1,0,0,100,100,0,3,Crataegus-dahurica_Cr204Bab,4,24.0384615384615,3.64160282192567,-3.64160282192567
4757,1,1,0,0,100,100,0,3,Sorbus-aucuparia_S217RU,4,24.0384615384615,3.64160282192567,-3.64160282192567
4757,1,1,0,0,100,100,0,3,Malus-sieversii_Mlu211GrAl,4,24.0384615384615,3.64160282192567,-3.64160282192567
4757,1,1,0,0,100,100,0,3,Crataegus-remotilobata_Cr193GrAl,4,24.0384615384615,3.64160282192567,-3.64160282192567
4757,1,1,0,0,100,100,0,2,Crataegus-pentagyna_Cr195RU,4,24.0384615384615,3.64160282192567,-3.64160282192567
4757,1,1,0,0,100,100,0,3,Crataegus-triflora_Cr184TAD,4,24.0384615384615,3.64160282192567,-3.64160282192567
4757,1,1,0,0,100,100,0,3,Sorbus-tianschanica_S230GrAl,4,24.0384615384615,3.64160282192567,-3.64160282192567
4757,1,1,0,0,100,100,0,2,Crataegus-punctata_Cr185TAD,4,24.0384615384615,3.64160282192567,-3.64160282192567
4757,1,1,0,0,100,100,0,4,Malus-ombrophila_Mlu225ILL,4,24.0384615384615,3.64160282192567,-3.64160282192567
4757,1,1,0,0,100,100,0,2,Crataegus-calpodendron_Cr183TAD,4,24.0384615384615,3.64160282192567,-3.64160282192567
4757,1,1,0,0,100,100,0,3,Crataegus-monogyna_Cr206Wiss,4,24.0384615384615,3.64160282192567,-3.64160282192567
4757,1,1,0,0,100,100,0,3,Crataegus-pinnatifida_Cr202RU,4,24.0384615384615,3.64160282192567,-3.64160282192567
4757,1,1,0,0,100,100,0,3,Crataegus-chlorosarca_Cr196LE,4,24.0384615384615,3.64160282192567,-3.64160282192567
4757,1,1,0,0,100,100,0,3,Crataegus-pycnoloba_Cr205LE,4,24.0384615384615,3.64160282192567,-3.64160282192567
4757,1,1,0,0,100,100,0,3,Crataegus-laevigata_Cr209Wiss,4,24.0384615384615,3.64160282192567,-3.64160282192567
4757,1,1,0,0,100,100,0,2,Crataegus-brachyacantha_Cr186TAD,4,24.0384615384615,3.64160282192567,-3.64160282192567
4757,1,1,0,0,100,100,0,3,Micromeles-alnifolia_Micr214RU,4,24.0384615384615,3.64160282192567,-3.64160282192567
4757,0.7,1,0,0,70.1,70.1,29.9,1,Prunus-tenella_Pru285BGUK,4,24.0384615384615,3.64160282192567,-3.64160282192567
4757,1,1,0,0,100,100,0,3,Hesperomeles-obtusifolia_Hsp222TAD,4,24.0384615384615,3.64160282192567,-3.64160282192567
4757,0.8,1,0,0,79.7,79.7,20.3,2,Pyracantha-coccinea_Pyrn229Dut,4,24.0384615384615,3.64160282192567,-3.64160282192567
4757,1,1,0,0,100,100,0,2,Pyrus-regelii_Pyr227GrAl,4,24.0384615384615,3.64160282192567,-3.64160282192567
4757,1.17,1.17,17.4,17.4,100,82.6,0,4,Pourthiaea-villosa_Pour210RU,4,24.0384615384615,3.64160282192567,13.7583971780743
4757,1.32,1.32,31.8,31.8,100,68.2,0,4,Malus-toringo_Mlu238BIN,4,24.0384615384615,3.64160282192567,28.1583971780743
4757,1.38,1.38,38.3,38.3,100,61.7,0,3,Malus-sylvestris_Mlu226BIN,4,24.0384615384615,3.64160282192567,34.6583971780743
4471,0.65,1.02,1.1,1.7,64,63,36,1,Prunus-tenella_Pru285BGUK,5,24.0384615384615,8.10987744815103,-6.40987744815103
4471,1.04,1.04,3.6,3.6,100,96.4,0,1,Sorbus-sambucifolia_S232BIN,5,24.0384615384615,8.10987744815103,-4.50987744815103
4471,0.95,1.04,3.3,3.6,92,88.7,8,1,Crataegus-dahurica_Cr204Bab,5,24.0384615384615,8.10987744815103,-4.50987744815103
4471,0.95,1.04,3.3,3.6,92,88.7,8,1,Crataegus-remotilobata_Cr193GrAl,5,24.0384615384615,8.10987744815103,-4.50987744815103
4471,0.95,1.04,3.3,3.6,92,88.7,8,1,Crataegus-pentagyna_Cr195RU,5,24.0384615384615,8.10987744815103,-4.50987744815103
4471,0.95,1.04,3.3,3.6,92,88.7,8,1,Crataegus-triflora_Cr184TAD,5,24.0384615384615,8.10987744815103,-4.50987744815103
4471,1.04,1.04,3.6,3.6,100,96.4,0,1,Sorbus-tianschanica_S230GrAl,5,24.0384615384615,8.10987744815103,-4.50987744815103
4471,0.95,1.04,3.3,3.6,92,88.7,8,1,Crataegus-punctata_Cr185TAD,5,24.0384615384615,8.10987744815103,-4.50987744815103
4471,0.95,1.04,3.3,3.6,92,88.7,8,1,Crataegus-calpodendron_Cr183TAD,5,24.0384615384615,8.10987744815103,-4.50987744815103
4471,0.95,1.04,3.3,3.6,92,88.7,8,1,Crataegus-monogyna_Cr206Wiss,5,24.0384615384615,8.10987744815103,-4.50987744815103
4471,0.95,1.04,3.3,3.6,92,88.7,8,1,Crataegus-pinnatifida_Cr202RU,5,24.0384615384615,8.10987744815103,-4.50987744815103
4471,0.95,1.04,3.3,3.6,92,88.7,8,1,Crataegus-chlorosarca_Cr196LE,5,24.0384615384615,8.10987744815103,-4.50987744815103
4471,0.95,1.04,3.3,3.6,92,88.7,8,1,Crataegus-brachyacantha_Cr186TAD,5,24.0384615384615,8.10987744815103,-4.50987744815103
4471,0.95,1.04,3.3,3.6,92,88.7,8,1,Hesperomeles-obtusifolia_Hsp222TAD,5,24.0384615384615,8.10987744815103,-4.50987744815103
4471,0.96,1.04,3.8,4.1,92,88.2,8,1,Crataegus-aronia_Cr197LE,5,24.0384615384615,8.10987744815103,-4.00987744815103
4471,0.96,1.04,4.1,4.4,92,87.9,8,1,Malus-sylvestris_Mlu226BIN,5,24.0384615384615,8.10987744815103,-3.70987744815103
4471,1.04,1.04,4.4,4.4,100,95.6,0,1,Sorbus-aucuparia_S217RU,5,24.0384615384615,8.10987744815103,-3.70987744815103
4471,1.04,1.04,4.4,4.4,100,95.6,0,1,Malus-sieversii_Mlu211GrAl,5,24.0384615384615,8.10987744815103,-3.70987744815103
4471,1.04,1.04,4.4,4.4,100,95.6,0,1,Micromeles-alnifolia_Micr214RU,5,24.0384615384615,8.10987744815103,-3.70987744815103
4471,1.04,1.04,4.4,4.4,100,95.6,0,1,Malus-toringo_Mlu238BIN,5,24.0384615384615,8.10987744815103,-3.70987744815103
4471,1.05,1.05,4.5,4.5,100,95.5,0,1,Pyracantha-coccinea_Pyrn229Dut,5,24.0384615384615,8.10987744815103,-3.60987744815103
4471,0.96,1.05,4.2,4.6,92,87.8,8,1,Crataegus-pycnoloba_Cr205LE,5,24.0384615384615,8.10987744815103,-3.50987744815103
4471,0.96,1.05,4.2,4.6,92,87.8,8,1,Crataegus-laevigata_Cr209Wiss,5,24.0384615384615,8.10987744815103,-3.50987744815103
4471,1.05,1.05,4.8,4.8,100,95.2,0,1,Pyrus-regelii_Pyr227GrAl,5,24.0384615384615,8.10987744815103,-3.30987744815103
4471,1.34,1.34,30.8,30.8,100,69.2,0,2,Malus-ombrophila_Mlu225ILL,5,24.0384615384615,8.10987744815103,22.690122551849
4471,2.05,2.05,84.1,84.1,100,15.9,0,3,Pourthiaea-villosa_Pour210RU,5,24.0384615384615,8.10987744815103,75.990122551849
4796,0.4,1,0,0,39.9,39.9,60.1,2,Prunus-tenella_Pru285BGUK,6,24.0384615384615,15.0889519636535,-15.0889519636535
4796,0.92,1.02,1.8,2,90.1,88.3,9.9,2,Crataegus-dahurica_Cr204Bab,6,24.0384615384615,15.0889519636535,-13.0889519636535
4796,0.9,1.02,1.8,2.1,88.1,86.3,11.9,2,Micromeles-alnifolia_Micr214RU,6,24.0384615384615,15.0889519636535,-12.9889519636535
4796,1.01,1.04,3.9,4,96.7,92.8,3.3,2,Malus-sylvestris_Mlu226BIN,6,24.0384615384615,15.0889519636535,-11.0889519636535
4796,1.01,1.04,3.9,4,96.7,92.8,3.3,2,Sorbus-aucuparia_S217RU,6,24.0384615384615,15.0889519636535,-11.0889519636535
4796,1,1.04,3.9,4,96.3,92.4,3.8,2,Malus-sieversii_Mlu211GrAl,6,24.0384615384615,15.0889519636535,-11.0889519636535
4796,1.01,1.04,3.9,4,96.7,92.8,3.3,2,Crataegus-calpodendron_Cr183TAD,6,24.0384615384615,15.0889519636535,-11.0889519636535
4796,1.01,1.04,3.9,4,96.7,92.8,3.3,1,Crataegus-monogyna_Cr206Wiss,6,24.0384615384615,15.0889519636535,-11.0889519636535
4796,1.01,1.04,3.9,4,96.7,92.8,3.3,2,Hesperomeles-obtusifolia_Hsp222TAD,6,24.0384615384615,15.0889519636535,-11.0889519636535
4796,1.01,1.04,3.9,4,96.7,92.8,3.3,2,Malus-toringo_Mlu238BIN,6,24.0384615384615,15.0889519636535,-11.0889519636535
4796,1.01,1.04,3.9,4,96.7,92.8,3.3,2,Pyrus-regelii_Pyr227GrAl,6,24.0384615384615,15.0889519636535,-11.0889519636535
4796,1.04,1.18,16,18.2,87.6,71.7,12.4,3,Sorbus-sambucifolia_S232BIN,6,24.0384615384615,15.0889519636535,3.11104803634648
4796,1.15,1.19,18.3,19,96.7,78.3,3.3,2,Crataegus-punctata_Cr185TAD,6,24.0384615384615,15.0889519636535,3.91104803634648
4796,1.05,1.19,17.1,19.4,88.1,71,11.9,3,Sorbus-tianschanica_S230GrAl,6,24.0384615384615,15.0889519636535,4.31104803634648
4796,1.17,1.21,20,20.7,96.7,76.7,3.3,2,Pyracantha-coccinea_Pyrn229Dut,6,24.0384615384615,15.0889519636535,5.61104803634648
4796,1.07,1.21,18.8,21.3,88.1,69.3,11.9,3,Crataegus-aronia_Cr197LE,6,24.0384615384615,15.0889519636535,6.21104803634648
4796,1.07,1.21,18.8,21.3,88.1,69.3,11.9,3,Crataegus-triflora_Cr184TAD,6,24.0384615384615,15.0889519636535,6.21104803634648
4796,1.17,1.21,20.6,21.3,96.7,76.1,3.3,2,Malus-ombrophila_Mlu225ILL,6,24.0384615384615,15.0889519636535,6.21104803634648
4796,1.07,1.21,18.8,21.3,88.1,69.3,11.9,3,Crataegus-pinnatifida_Cr202RU,6,24.0384615384615,15.0889519636535,6.21104803634648
4796,1.07,1.21,18.8,21.3,88.1,69.3,11.9,3,Crataegus-pycnoloba_Cr205LE,6,24.0384615384615,15.0889519636535,6.21104803634648
4796,1.18,1.22,20.8,21.6,96.7,75.8,3.3,2,Crataegus-remotilobata_Cr193GrAl,6,24.0384615384615,15.0889519636535,6.51104803634648
4796,1.18,1.22,20.8,21.6,96.7,75.8,3.3,4,Crataegus-pentagyna_Cr195RU,6,24.0384615384615,15.0889519636535,6.51104803634648
4796,1.18,1.22,20.8,21.6,96.7,75.8,3.3,3,Crataegus-chlorosarca_Cr196LE,6,24.0384615384615,15.0889519636535,6.51104803634648
4796,1.18,1.22,20.8,21.6,96.7,75.8,3.3,3,Crataegus-laevigata_Cr209Wiss,6,24.0384615384615,15.0889519636535,6.51104803634648
4796,1.18,1.22,21,21.7,96.7,75.7,3.3,2,Crataegus-brachyacantha_Cr186TAD,6,24.0384615384615,15.0889519636535,6.61104803634648
4796,1.4,1.45,40.3,41.7,96.7,56.4,3.3,5,Pourthiaea-villosa_Pour210RU,6,24.0384615384615,15.0889519636535,26.6110480363465
4992,0.77,1,0.1,0.2,77.2,77.1,22.8,1,Prunus-tenella_Pru285BGUK,7,24.0384615384615,24.2310574501417,-24.0310574501417
4992,0.98,1.01,0.5,0.5,98,97.4,2,1,Pyrus-regelii_Pyr227GrAl,7,24.0384615384615,24.2310574501417,-23.7310574501417
4992,1.06,1.08,7.8,8,98,90.1,2,2,Malus-sieversii_Mlu211GrAl,7,24.0384615384615,24.2310574501417,-16.2310574501417
4992,1.14,1.16,8,8.1,98,90,2,3,Crataegus-monogyna_Cr206Wiss,7,24.0384615384615,24.2310574501417,-16.1310574501417
4992,1.06,1.08,8,8.2,97.9,89.9,2.1,2,Crataegus-pinnatifida_Cr202RU,7,24.0384615384615,24.2310574501417,-16.0310574501417
4992,1.15,1.18,13.1,13.4,98,84.9,2,4,Crataegus-dahurica_Cr204Bab,7,24.0384615384615,24.2310574501417,-10.8310574501417
4992,1.12,1.14,13.8,14,98,84.2,2,3,Sorbus-tianschanica_S230GrAl,7,24.0384615384615,24.2310574501417,-10.2310574501417
4992,1.13,1.15,14.9,15.3,98,83,2,3,Malus-toringo_Mlu238BIN,7,24.0384615384615,24.2310574501417,-8.93105745014172
4992,1.13,1.15,15.1,15.5,98,82.8,2,2,Crataegus-pycnoloba_Cr205LE,7,24.0384615384615,24.2310574501417,-8.73105745014172
4992,1.14,1.17,16.3,16.7,98,81.6,2,3,Crataegus-punctata_Cr185TAD,7,24.0384615384615,24.2310574501417,-7.53105745014172
4992,1.17,1.2,19.1,19.5,98,78.9,2,3,Crataegus-chlorosarca_Cr196LE,7,24.0384615384615,24.2310574501417,-4.73105745014172
4992,1.17,1.2,19.1,19.5,98,78.9,2,3,Crataegus-laevigata_Cr209Wiss,7,24.0384615384615,24.2310574501417,-4.73105745014172
4992,1.49,1.52,19.2,19.6,98,78.7,2,6,Crataegus-calpodendron_Cr183TAD,7,24.0384615384615,24.2310574501417,-4.63105745014172
4992,1.18,1.2,19.8,20.2,98,78.1,2,3,Pyracantha-coccinea_Pyrn229Dut,7,24.0384615384615,24.2310574501417,-4.03105745014172
4992,1.4,1.42,19.9,20.4,98,78,2,5,Crataegus-triflora_Cr184TAD,7,24.0384615384615,24.2310574501417,-3.83105745014172
4992,1.42,1.45,24.2,24.7,98,73.8,2,3,Sorbus-sambucifolia_S232BIN,7,24.0384615384615,24.2310574501417,0.468942549858276
4992,1.49,1.52,24.8,25.3,98,73.1,2,5,Crataegus-pentagyna_Cr195RU,7,24.0384615384615,24.2310574501417,1.06894254985828
4992,1.41,1.44,25.5,26.1,98,72.4,2,5,Sorbus-aucuparia_S217RU,7,24.0384615384615,24.2310574501417,1.86894254985828
4992,1.28,1.3,29.7,30.3,98,68.3,2,3,Malus-ombrophila_Mlu225ILL,7,24.0384615384615,24.2310574501417,6.06894254985828
4992,1.28,1.31,30.2,30.8,98,67.8,2,4,Crataegus-remotilobata_Cr193GrAl,7,24.0384615384615,24.2310574501417,6.56894254985828
4992,1.29,1.31,30.7,31.3,98,67.3,2,4,Malus-sylvestris_Mlu226BIN,7,24.0384615384615,24.2310574501417,7.06894254985828
4992,1.66,1.69,32.3,33,98,65.6,2,7,Crataegus-brachyacantha_Cr186TAD,7,24.0384615384615,24.2310574501417,8.76894254985828
4992,1.32,1.35,33.9,34.6,98,64.1,2,4,Crataegus-aronia_Cr197LE,7,24.0384615384615,24.2310574501417,10.3689425498583
4992,2.25,2.3,46.7,47.7,98,51.2,2,8,Pourthiaea-villosa_Pour210RU,7,24.0384615384615,24.2310574501417,23.4689425498583
4992,1.77,1.81,55.8,57,98,42.1,2,4,Hesperomeles-obtusifolia_Hsp222TAD,7,24.0384615384615,24.2310574501417,32.7689425498583
4992,2.34,2.39,78.1,79.8,97.9,19.7,2.1,7,Micromeles-alnifolia_Micr214RU,7,24.0384615384615,24.2310574501417,55.5689425498583
4890,0.39,1,0.2,0.5,38.6,38.4,61.4,1,Prunus-tenella_Pru285BGUK,8,24.0384615384615,34.689102319043,-34.189102319043
4890,1.19,1.26,24.3,25.8,94.3,69.9,5.7,3,Pyrus-regelii_Pyr227GrAl,8,24.0384615384615,34.689102319043,-8.88910231904299
4890,1.07,1.3,23.5,28.5,82.3,58.8,17.7,3,Crataegus-calpodendron_Cr183TAD,8,24.0384615384615,34.689102319043,-6.18910231904299
4890,1.07,1.3,24.3,29.6,82.3,57.9,17.7,3,Micromeles-alnifolia_Micr214RU,8,24.0384615384615,34.689102319043,-5.08910231904299
4890,1.6,1.6,32.7,32.8,99.7,67,0.3,3,Malus-toringo_Mlu238BIN,8,24.0384615384615,34.689102319043,-1.88910231904299
4890,1.18,1.68,24.3,34.7,70.3,45.9,29.7,3,Crataegus-pentagyna_Cr195RU,8,24.0384615384615,34.689102319043,0.0108976809570152
4890,1.17,1.66,24.3,34.7,70.3,45.9,29.7,3,Crataegus-punctata_Cr185TAD,8,24.0384615384615,34.689102319043,0.0108976809570152
4890,0.95,1.35,24.3,34.7,70.3,45.9,29.7,2,Crataegus-monogyna_Cr206Wiss,8,24.0384615384615,34.689102319043,0.0108976809570152
4890,1.17,1.67,24.3,34.7,70.3,45.9,29.7,3,Crataegus-pycnoloba_Cr205LE,8,24.0384615384615,34.689102319043,0.0108976809570152
4890,1.04,1.38,27,35.7,75.5,48.5,24.5,2,Pyracantha-coccinea_Pyrn229Dut,8,24.0384615384615,34.689102319043,1.01089768095702
4890,1.4,1.4,36,36,100,64,0,2,Hesperomeles-obtusifolia_Hsp222TAD,8,24.0384615384615,34.689102319043,1.31089768095701
4890,0.93,1.39,24.3,36.6,66.6,42.3,33.4,2,Crataegus-aronia_Cr197LE,8,24.0384615384615,34.689102319043,1.91089768095701
4890,0.91,1.37,24.3,36.6,66.6,42.3,33.4,2,Crataegus-triflora_Cr184TAD,8,24.0384615384615,34.689102319043,1.91089768095701
4890,0.91,1.37,24.3,36.6,66.6,42.3,33.4,2,Crataegus-laevigata_Cr209Wiss,8,24.0384615384615,34.689102319043,1.91089768095701
4890,1.1,1.64,24.5,36.8,66.6,42.1,33.4,3,Crataegus-dahurica_Cr204Bab,8,24.0384615384615,34.689102319043,2.11089768095701
4890,1.15,1.73,24.5,36.8,66.6,42.1,33.4,3,Crataegus-remotilobata_Cr193GrAl,8,24.0384615384615,34.689102319043,2.11089768095701
4890,0.94,1.41,25.9,38.9,66.6,40.7,33.4,2,Crataegus-chlorosarca_Cr196LE,8,24.0384615384615,34.689102319043,4.21089768095701
4890,0.83,1.42,24.3,41.8,58.3,33.9,41.7,2,Sorbus-sambucifolia_S232BIN,8,24.0384615384615,34.689102319043,7.11089768095701
4890,0.83,1.42,24.3,41.8,58.3,33.9,41.7,2,Crataegus-pinnatifida_Cr202RU,8,24.0384615384615,34.689102319043,7.11089768095701
4890,1.01,1.52,32.7,49.1,66.6,33.9,33.4,2,Sorbus-tianschanica_S230GrAl,8,24.0384615384615,34.689102319043,14.410897680957
4890,1.47,1.56,50.1,53.2,94.1,44,5.9,3,Crataegus-brachyacantha_Cr186TAD,8,24.0384615384615,34.689102319043,18.510897680957
4890,1.81,1.81,53.6,53.6,100,46.4,0,4,Malus-ombrophila_Mlu225ILL,8,24.0384615384615,34.689102319043,18.910897680957
4890,1.9,1.9,62.6,62.8,99.7,37,0.3,4,Pourthiaea-villosa_Pour210RU,8,24.0384615384615,34.689102319043,28.110897680957
4890,1.15,1.66,43.5,63,69,25.6,31,3,Sorbus-aucuparia_S217RU,8,24.0384615384615,34.689102319043,28.310897680957
4890,2.04,2.68,56.9,74.8,76,19.1,24,4,Malus-sieversii_Mlu211GrAl,8,24.0384615384615,34.689102319043,40.110897680957
4890,2.01,2.66,56.9,75,75.8,19,24.2,4,Malus-sylvestris_Mlu226BIN,8,24.0384615384615,34.689102319043,40.310897680957
4889,0.22,1,0,0,21.6,21.6,78.4,1,Prunus-tenella_Pru285BGUK,9,24.0384615384615,45.4745971573112,-45.4745971573112
4889,1.08,1.26,22.4,26,86,63.7,14,2,Crataegus-aronia_Cr197LE,9,24.0384615384615,45.4745971573112,-19.4745971573112
4889,1.09,1.27,22.4,26,86,63.7,14,2,Crataegus-remotilobata_Cr193GrAl,9,24.0384615384615,45.4745971573112,-19.4745971573112
4889,1.09,1.27,22.4,26,86,63.7,14,2,Crataegus-pentagyna_Cr195RU,9,24.0384615384615,45.4745971573112,-19.4745971573112
4889,1.09,1.27,22.4,26,86,63.7,14,2,Crataegus-triflora_Cr184TAD,9,24.0384615384615,45.4745971573112,-19.4745971573112
4889,1.09,1.27,22.4,26,86,63.7,14,2,Crataegus-calpodendron_Cr183TAD,9,24.0384615384615,45.4745971573112,-19.4745971573112
4889,1.09,1.27,22.4,26,86,63.7,14,2,Crataegus-pycnoloba_Cr205LE,9,24.0384615384615,45.4745971573112,-19.4745971573112
4889,1.09,1.27,22.4,26,86,63.7,14,2,Crataegus-laevigata_Cr209Wiss,9,24.0384615384615,45.4745971573112,-19.4745971573112
4889,1.09,1.27,22.9,26.6,86,63.1,14,2,Crataegus-punctata_Cr185TAD,9,24.0384615384615,45.4745971573112,-18.8745971573112
4889,1.09,1.27,22.9,26.6,86,63.1,14,2,Crataegus-monogyna_Cr206Wiss,9,24.0384615384615,45.4745971573112,-18.8745971573112
4889,1.09,1.27,22.9,26.6,86,63.1,14,2,Crataegus-pinnatifida_Cr202RU,9,24.0384615384615,45.4745971573112,-18.8745971573112
4889,1.35,1.57,49,57.1,85.9,36.9,14.1,2,Pyracantha-coccinea_Pyrn229Dut,9,24.0384615384615,45.4745971573112,11.6254028426888
4889,1.36,1.58,49.4,57.4,86,36.7,14,2,Crataegus-dahurica_Cr204Bab,9,24.0384615384615,45.4745971573112,11.9254028426888
4889,1.36,1.58,49.4,57.4,86,36.7,14,2,Sorbus-tianschanica_S230GrAl,9,24.0384615384615,45.4745971573112,11.9254028426888
4889,1.36,1.58,49.4,57.4,86,36.7,14,2,Malus-toringo_Mlu238BIN,9,24.0384615384615,45.4745971573112,11.9254028426888
4889,1.36,1.58,49.7,57.8,86,36.3,14,2,Sorbus-sambucifolia_S232BIN,9,24.0384615384615,45.4745971573112,12.3254028426888
4889,1.36,1.58,49.7,57.8,86,36.3,14,2,Malus-sieversii_Mlu211GrAl,9,24.0384615384615,45.4745971573112,12.3254028426888
4889,1.36,1.58,49.7,57.8,86,36.3,14,2,Malus-ombrophila_Mlu225ILL,9,24.0384615384615,45.4745971573112,12.3254028426888
4889,1.36,1.58,49.7,57.8,86,36.3,14,2,Crataegus-chlorosarca_Cr196LE,9,24.0384615384615,45.4745971573112,12.3254028426888
4889,1.36,1.58,49.7,57.8,86,36.3,14,2,Crataegus-brachyacantha_Cr186TAD,9,24.0384615384615,45.4745971573112,12.3254028426888
4889,1.36,1.58,49.7,57.8,86,36.3,14,2,Pyrus-regelii_Pyr227GrAl,9,24.0384615384615,45.4745971573112,12.3254028426888
4889,1.36,1.58,49.9,58,86,36.1,14,2,Sorbus-aucuparia_S217RU,9,24.0384615384615,45.4745971573112,12.5254028426888
4889,1.64,1.9,49.9,58,86,36.1,14,3,Pourthiaea-villosa_Pour210RU,9,24.0384615384615,45.4745971573112,12.5254028426888
4889,1.78,2.07,60.6,70.5,86,25.4,14,3,Malus-sylvestris_Mlu226BIN,9,24.0384615384615,45.4745971573112,25.0254028426888
4889,1.62,1.89,75.8,88.1,86,10.2,14,2,Micromeles-alnifolia_Micr214RU,9,24.0384615384615,45.4745971573112,42.6254028426888
4889,1.63,1.89,76.2,88.6,86,9.8,14,2,Hesperomeles-obtusifolia_Hsp222TAD,9,24.0384615384615,45.4745971573112,43.1254028426888
4802,0.64,1.32,15.4,31.6,48.9,33.4,51.1,2,Prunus-tenella_Pru285BGUK,10,24.0384615384615,55.754127519339,-24.154127519339
4802,1.17,1.33,28.3,32.3,87.6,59.3,12.4,3,Crataegus-triflora_Cr184TAD,10,24.0384615384615,55.754127519339,-23.454127519339
4802,1.42,1.61,35.7,40.4,88.4,52.7,11.6,4,Crataegus-punctata_Cr185TAD,10,24.0384615384615,55.754127519339,-15.354127519339
4802,1.46,1.51,40.4,41.8,96.7,56.2,3.3,5,Pyracantha-coccinea_Pyrn229Dut,10,24.0384615384615,55.754127519339,-13.954127519339
4802,1.4,1.46,42.5,44.3,95.9,53.4,4.1,4,Malus-toringo_Mlu238BIN,10,24.0384615384615,55.754127519339,-11.454127519339
4802,1.32,1.49,42.2,47.8,88.4,46.2,11.6,3,Crataegus-chlorosarca_Cr196LE,10,24.0384615384615,55.754127519339,-7.95412751933896
4802,1.31,1.5,42.2,48.2,87.6,45.4,12.4,3,Crataegus-dahurica_Cr204Bab,10,24.0384615384615,55.754127519339,-7.55412751933896
4802,1.31,1.5,42.2,48.2,87.6,45.4,12.4,3,Crataegus-remotilobata_Cr193GrAl,10,24.0384615384615,55.754127519339,-7.55412751933896
4802,1.42,1.62,42.2,48.2,87.6,45.4,12.4,4,Crataegus-calpodendron_Cr183TAD,10,24.0384615384615,55.754127519339,-7.55412751933896
4802,1.34,1.51,44.5,50.4,88.4,43.9,11.6,3,Crataegus-pentagyna_Cr195RU,10,24.0384615384615,55.754127519339,-5.35412751933896
4802,1.84,2.07,46.3,52.2,88.6,42.3,11.4,7,Pourthiaea-villosa_Pour210RU,10,24.0384615384615,55.754127519339,-3.55412751933896
4802,1.7,1.76,55.2,57.1,96.7,41.5,3.3,4,Malus-sieversii_Mlu211GrAl,10,24.0384615384615,55.754127519339,1.34587248066104
4802,1.54,1.59,55.2,57.1,96.7,41.5,3.3,3,Malus-ombrophila_Mlu225ILL,10,24.0384615384615,55.754127519339,1.34587248066104
4802,1.53,1.6,55.2,57.6,95.9,40.7,4.1,4,Malus-sylvestris_Mlu226BIN,10,24.0384615384615,55.754127519339,1.84587248066104
4802,1.42,1.6,52.3,59.2,88.4,36.1,11.6,3,Crataegus-pinnatifida_Cr202RU,10,24.0384615384615,55.754127519339,3.44587248066104
4802,1.61,1.67,62.8,64.9,96.7,33.9,3.3,4,Sorbus-tianschanica_S230GrAl,10,24.0384615384615,55.754127519339,9.14587248066105
4802,1.47,1.67,57.7,65.2,88.4,30.7,11.6,3,Crataegus-monogyna_Cr206Wiss,10,24.0384615384615,55.754127519339,9.44587248066104
4802,1.53,1.73,63.4,71.7,88.4,25,11.6,3,Hesperomeles-obtusifolia_Hsp222TAD,10,24.0384615384615,55.754127519339,15.945872480661
4802,1.7,1.76,70.8,73.2,96.7,25.9,3.3,4,Sorbus-sambucifolia_S232BIN,10,24.0384615384615,55.754127519339,17.445872480661
4802,1.83,2.08,64.7,73.2,88.4,23.7,11.6,4,Crataegus-brachyacantha_Cr186TAD,10,24.0384615384615,55.754127519339,17.445872480661
4802,1.56,1.76,65.9,74.6,88.4,22.4,11.6,4,Crataegus-pycnoloba_Cr205LE,10,24.0384615384615,55.754127519339,18.845872480661
4802,1.56,1.77,66.2,74.9,88.4,22.2,11.6,4,Crataegus-aronia_Cr197LE,10,24.0384615384615,55.754127519339,19.145872480661
4802,1.56,1.77,66.2,74.9,88.4,22.2,11.6,3,Crataegus-laevigata_Cr209Wiss,10,24.0384615384615,55.754127519339,19.145872480661
4802,2.14,2.21,75.1,77.7,96.7,21.6,3.3,7,Pyrus-regelii_Pyr227GrAl,10,24.0384615384615,55.754127519339,21.945872480661
4802,1.93,1.99,79.7,82.5,96.7,17,3.3,6,Sorbus-aucuparia_S217RU,10,24.0384615384615,55.754127519339,26.745872480661
4802,1.7,1.91,78.1,87.9,88.8,10.7,11.2,3,Micromeles-alnifolia_Micr214RU,10,24.0384615384615,55.754127519339,32.145872480661
4848,1,1.01,0.6,0.6,99.2,98.6,0.8,1,Malus-sylvestris_Mlu226BIN,11,24.0384615384615,64.982854139063,-64.382854139063
4848,1,1.01,0.6,0.6,99.4,98.7,0.6,1,Sorbus-tianschanica_S230GrAl,11,24.0384615384615,64.982854139063,-64.382854139063
4848,1,1.01,0.6,0.6,99.2,98.6,0.8,1,Pyracantha-coccinea_Pyrn229Dut,11,24.0384615384615,64.982854139063,-64.382854139063
4848,0.8,1.01,0.8,1,79.2,78.4,20.8,1,Prunus-tenella_Pru285BGUK,11,24.0384615384615,64.982854139063,-63.982854139063
4848,1.2,1.21,20.6,20.7,99.4,78.7,0.6,2,Crataegus-pentagyna_Cr195RU,11,24.0384615384615,64.982854139063,-44.282854139063
4848,1.2,1.21,20.6,20.8,99.2,78.6,0.8,2,Crataegus-aronia_Cr197LE,11,24.0384615384615,64.982854139063,-44.182854139063
4848,1.32,1.33,32.4,32.6,99.2,66.8,0.8,2,Sorbus-sambucifolia_S232BIN,11,24.0384615384615,64.982854139063,-32.382854139063
4848,1.48,1.49,49.1,49.4,99.4,50.2,0.6,2,Crataegus-punctata_Cr185TAD,11,24.0384615384615,64.982854139063,-15.582854139063
4848,1.48,1.49,49.1,49.4,99.4,50.2,0.6,2,Crataegus-calpodendron_Cr183TAD,11,24.0384615384615,64.982854139063,-15.582854139063
4848,1.45,1.51,49.1,51.3,95.7,46.5,4.3,3,Crataegus-triflora_Cr184TAD,11,24.0384615384615,64.982854139063,-13.682854139063
4848,1.64,1.67,64.4,65.5,98.4,34,1.6,2,Crataegus-remotilobata_Cr193GrAl,11,24.0384615384615,64.982854139063,0.517145860937035
4848,1.7,1.71,69.4,70,99.2,29.8,0.8,2,Malus-ombrophila_Mlu225ILL,11,24.0384615384615,64.982854139063,5.01714586093703
4848,1.72,1.74,72,72.8,98.9,26.9,1.1,2,Crataegus-laevigata_Cr209Wiss,11,24.0384615384615,64.982854139063,7.81714586093703
4848,1.79,1.81,78.7,79.4,99.2,20.5,0.8,2,Crataegus-pinnatifida_Cr202RU,11,24.0384615384615,64.982854139063,14.417145860937
4848,2.08,2.09,79.2,79.9,99.2,20,0.8,3,Malus-toringo_Mlu238BIN,11,24.0384615384615,64.982854139063,14.917145860937
4848,1.81,1.82,80.8,81.4,99.4,18.5,0.6,3,Crataegus-chlorosarca_Cr196LE,11,24.0384615384615,64.982854139063,16.417145860937
4848,2.01,2.03,82.3,83,99.2,16.9,0.8,3,Crataegus-monogyna_Cr206Wiss,11,24.0384615384615,64.982854139063,18.017145860937
4848,1.89,1.9,88.1,88.8,99.2,11.1,0.8,3,Pourthiaea-villosa_Pour210RU,11,24.0384615384615,64.982854139063,23.817145860937
4848,2,2,98.7,98.7,100,1.3,0,2,Crataegus-brachyacantha_Cr186TAD,11,24.0384615384615,64.982854139063,33.717145860937
4848,2.38,2.38,99.2,99.2,100,0.8,0,6,Malus-sieversii_Mlu211GrAl,11,24.0384615384615,64.982854139063,34.217145860937
4848,2.09,2.11,98.7,99.4,99.4,0.6,0.6,3,Pyrus-regelii_Pyr227GrAl,11,24.0384615384615,64.982854139063,34.417145860937
4848,1.99,2.01,98.7,99.5,99.2,0.5,0.8,2,Crataegus-pycnoloba_Cr205LE,11,24.0384615384615,64.982854139063,34.517145860937
4848,2.11,2.12,99.2,99.8,99.4,0.2,0.6,3,Crataegus-dahurica_Cr204Bab,11,24.0384615384615,64.982854139063,34.817145860937
4848,2,2.01,99.2,100,99.2,0,0.8,2,Sorbus-aucuparia_S217RU,11,24.0384615384615,64.982854139063,35.017145860937
4848,2,2.01,99.2,100,99.2,0,0.8,2,Micromeles-alnifolia_Micr214RU,11,24.0384615384615,64.982854139063,35.017145860937
4848,2,2.01,99.2,100,99.2,0,0.8,2,Hesperomeles-obtusifolia_Hsp222TAD,11,24.0384615384615,64.982854139063,35.017145860937
4806,0.96,1.18,14.2,17.5,81,66.8,19,3,Crataegus-aronia_Cr197LE,12,86.0504273504274,72.9022249502049,-55.4022249502049
4806,1.26,1.26,25,25,100,75,0,2,Sorbus-aucuparia_S217RU,12,86.0504273504274,72.9022249502049,-47.9022249502049
4806,0.42,1.41,11.8,39.5,30,18.1,70,2,Prunus-tenella_Pru285BGUK,12,86.0504273504274,72.9022249502049,-33.4022249502049
4806,1.57,1.57,56.6,56.7,99.8,43.3,0.2,2,Crataegus-pentagyna_Cr195RU,12,86.0504273504274,72.9022249502049,-16.2022249502049
4806,1.57,1.57,56.6,56.7,99.8,43.3,0.2,3,Crataegus-pinnatifida_Cr202RU,12,86.0504273504274,72.9022249502049,-16.2022249502049
4806,1.57,1.57,56.6,56.7,99.8,43.3,0.2,3,Crataegus-laevigata_Cr209Wiss,12,86.0504273504274,72.9022249502049,-16.2022249502049
4806,1.77,1.77,63,63.1,99.8,36.8,0.2,5,Crataegus-triflora_Cr184TAD,12,86.0504273504274,72.9022249502049,-9.80222495020492
4806,1.42,1.65,56,65.3,85.8,29.8,14.2,3,Crataegus-monogyna_Cr206Wiss,12,86.0504273504274,72.9022249502049,-7.60222495020493
4806,1.57,1.83,57.3,66.6,86,28.7,14,4,Micromeles-alnifolia_Micr214RU,12,86.0504273504274,72.9022249502049,-6.30222495020493
4806,1.68,1.68,67,67,100,33,0,3,Crataegus-calpodendron_Cr183TAD,12,86.0504273504274,72.9022249502049,-5.90222495020492
4806,1.68,1.68,67,67,100,33,0,3,Crataegus-pycnoloba_Cr205LE,12,86.0504273504274,72.9022249502049,-5.90222495020492
4806,1.66,1.68,67,67.7,98.9,32,1.1,3,Crataegus-punctata_Cr185TAD,12,86.0504273504274,72.9022249502049,-5.20222495020492
4806,1.62,1.71,67,70.8,94.6,27.6,5.4,4,Crataegus-dahurica_Cr204Bab,12,86.0504273504274,72.9022249502049,-2.10222495020493
4806,1.16,1.74,49.4,73.7,67,17.6,33,3,Hesperomeles-obtusifolia_Hsp222TAD,12,86.0504273504274,72.9022249502049,0.797775049795078
4806,1.53,1.78,66.4,77.2,86,19.6,14,2,Crataegus-brachyacantha_Cr186TAD,12,86.0504273504274,72.9022249502049,4.29777504979508
4806,1.54,1.78,67,77.9,86,19,14,3,Sorbus-sambucifolia_S232BIN,12,86.0504273504274,72.9022249502049,4.99777504979508
4806,1.54,1.78,67,77.9,86,19,14,3,Malus-sieversii_Mlu211GrAl,12,86.0504273504274,72.9022249502049,4.99777504979508
4806,1.54,1.78,67,77.9,86,19,14,3,Crataegus-remotilobata_Cr193GrAl,12,86.0504273504274,72.9022249502049,4.99777504979508
4806,1.54,1.78,67,77.9,86,19,14,2,Sorbus-tianschanica_S230GrAl,12,86.0504273504274,72.9022249502049,4.99777504979508
4806,1.54,1.78,67,77.9,86,19,14,3,Crataegus-chlorosarca_Cr196LE,12,86.0504273504274,72.9022249502049,4.99777504979508
4806,1.88,2.19,67,77.9,86,19,14,7,Pourthiaea-villosa_Pour210RU,12,86.0504273504274,72.9022249502049,4.99777504979508
4806,1.54,1.78,67,77.9,86,19,14,3,Malus-toringo_Mlu238BIN,12,86.0504273504274,72.9022249502049,4.99777504979508
4806,1.54,1.78,67,77.9,86,19,14,2,Pyrus-regelii_Pyr227GrAl,12,86.0504273504274,72.9022249502049,4.99777504979508
4806,1.65,1.96,67,79.5,84.2,17.2,15.8,3,Malus-sylvestris_Mlu226BIN,12,86.0504273504274,72.9022249502049,6.59777504979508
4806,2.18,2.28,95.3,99.6,95.7,0.4,4.3,3,Pyracantha-coccinea_Pyrn229Dut,12,86.0504273504274,72.9022249502049,26.6977750497951
4806,1.73,2.01,85.8,99.8,86,0.2,14,3,Malus-ombrophila_Mlu225ILL,12,86.0504273504274,72.9022249502049,26.8977750497951
4893,0.65,1.01,0.7,1,64,63.3,36,1,Prunus-tenella_Pru285BGUK,13,86.0504273504274,79.4704657732614,-78.4704657732614
4893,1.48,1.52,47.7,48.8,97.6,49.9,2.4,2,Crataegus-triflora_Cr184TAD,13,86.0504273504274,79.4704657732614,-30.6704657732614
4893,1.41,1.57,47.7,53.2,89.6,42,10.4,2,Crataegus-calpodendron_Cr183TAD,13,86.0504273504274,79.4704657732614,-26.2704657732614
4893,1.49,1.66,47.7,53.2,89.6,42,10.4,4,Crataegus-pycnoloba_Cr205LE,13,86.0504273504274,79.4704657732614,-26.2704657732614
4893,2.22,2.28,59.5,61,97.6,38.1,2.4,5,Crataegus-remotilobata_Cr193GrAl,13,86.0504273504274,79.4704657732614,-18.4704657732614
4893,2.09,2.14,59.5,61,97.6,38.1,2.4,3,Crataegus-monogyna_Cr206Wiss,13,86.0504273504274,79.4704657732614,-18.4704657732614
4893,1.63,1.67,59.5,61,97.6,38.1,2.4,2,Pyracantha-coccinea_Pyrn229Dut,13,86.0504273504274,79.4704657732614,-18.4704657732614
4893,1.55,1.73,59.5,66.4,89.6,30.1,10.4,2,Crataegus-dahurica_Cr204Bab,13,86.0504273504274,79.4704657732614,-13.0704657732614
4893,1.54,1.72,59.5,66.4,89.6,30.1,10.4,3,Crataegus-pinnatifida_Cr202RU,13,86.0504273504274,79.4704657732614,-13.0704657732614
4893,1.69,1.73,66.5,68.2,97.6,31.1,2.4,3,Crataegus-punctata_Cr185TAD,13,86.0504273504274,79.4704657732614,-11.2704657732614
4893,1.7,1.74,67.5,69.1,97.6,30.1,2.4,2,Pourthiaea-villosa_Pour210RU,13,86.0504273504274,79.4704657732614,-10.3704657732614
4893,1.62,2.01,59.5,73.8,80.6,21.1,19.4,3,Crataegus-pentagyna_Cr195RU,13,86.0504273504274,79.4704657732614,-5.67046577326138
4893,2.2,2.26,72.6,74.4,97.6,25,2.4,3,Malus-sieversii_Mlu211GrAl,13,86.0504273504274,79.4704657732614,-5.07046577326138
4893,1.76,1.81,72.6,74.4,97.6,25,2.4,2,Malus-ombrophila_Mlu225ILL,13,86.0504273504274,79.4704657732614,-5.07046577326138
4893,1.75,1.8,72.6,74.4,97.6,25,2.4,2,Hesperomeles-obtusifolia_Hsp222TAD,13,86.0504273504274,79.4704657732614,-5.07046577326138
4893,2.06,2.11,72.6,74.4,97.6,25,2.4,3,Pyrus-regelii_Pyr227GrAl,13,86.0504273504274,79.4704657732614,-5.07046577326138
4893,1.6,1.82,68,77.3,87.9,19.9,12.1,2,Crataegus-aronia_Cr197LE,13,86.0504273504274,79.4704657732614,-2.17046577326138
4893,2.37,2.43,77.7,79.6,97.6,19.9,2.4,3,Micromeles-alnifolia_Micr214RU,13,86.0504273504274,79.4704657732614,0.129534226738613
4893,1.36,1.88,59.5,81.9,72.6,13.1,27.4,2,Crataegus-chlorosarca_Cr196LE,13,86.0504273504274,79.4704657732614,2.42953422673862
4893,1.68,2.31,59.5,81.9,72.6,13.1,27.4,4,Crataegus-brachyacantha_Cr186TAD,13,86.0504273504274,79.4704657732614,2.42953422673862
4893,1.52,1.88,67.5,83.7,80.6,13.1,19.4,2,Crataegus-laevigata_Cr209Wiss,13,86.0504273504274,79.4704657732614,4.22953422673862
4893,1.59,1.99,72.6,91,79.8,7.2,20.2,2,Sorbus-tianschanica_S230GrAl,13,86.0504273504274,79.4704657732614,11.5295342267386
4893,2.38,2.44,89.6,91.8,97.6,8,2.4,4,Sorbus-aucuparia_S217RU,13,86.0504273504274,79.4704657732614,12.3295342267386
4893,1.96,2.01,92.7,95,97.6,4.9,2.4,3,Malus-sylvestris_Mlu226BIN,13,86.0504273504274,79.4704657732614,15.5295342267386
4893,1.49,2.06,72.6,100,72.6,0,27.4,2,Sorbus-sambucifolia_S232BIN,13,86.0504273504274,79.4704657732614,20.5295342267386
4893,2.5,2.79,89.6,100,89.6,0,10.4,3,Malus-toringo_Mlu238BIN,13,86.0504273504274,79.4704657732614,20.5295342267386
4942,0.49,1.01,0.7,1.4,48.1,47.4,51.9,1,Prunus-tenella_Pru285BGUK,14,86.0504273504274,84.7802531800837,-83.3802531800837
4942,1.52,1.58,53.7,55.6,96.5,42.9,3.5,2,Hesperomeles-obtusifolia_Hsp222TAD,14,86.0504273504274,84.7802531800837,-29.1802531800837
4942,1.58,1.63,59.4,61.2,97,37.6,3,3,Crataegus-pentagyna_Cr195RU,14,86.0504273504274,84.7802531800837,-23.5802531800837
4942,1.57,1.63,59.4,61.6,96.5,37.1,3.5,3,Crataegus-chlorosarca_Cr196LE,14,86.0504273504274,84.7802531800837,-23.1802531800837
4942,1.56,1.64,59.4,62.6,94.9,35.5,5.1,3,Crataegus-pycnoloba_Cr205LE,14,86.0504273504274,84.7802531800837,-22.1802531800837
4942,1.66,1.72,68.1,70.6,96.5,28.4,3.5,3,Pyracantha-coccinea_Pyrn229Dut,14,86.0504273504274,84.7802531800837,-14.1802531800837
4942,1.65,1.75,67.9,72,94.4,26.5,5.6,2,Pyrus-regelii_Pyr227GrAl,14,86.0504273504274,84.7802531800837,-12.7802531800837
4942,1.71,1.76,72.5,74.7,97,24.6,3,3,Crataegus-punctata_Cr185TAD,14,86.0504273504274,84.7802531800837,-10.0802531800837
4942,1.68,1.78,70.9,75.1,94.4,23.5,5.6,2,Sorbus-tianschanica_S230GrAl,14,86.0504273504274,84.7802531800837,-9.68025318008371
4942,1.72,1.78,73.5,75.8,97,23.5,3,3,Crataegus-pinnatifida_Cr202RU,14,86.0504273504274,84.7802531800837,-8.98025318008371
4942,1.73,1.78,74,75.9,97.6,23.5,2.4,3,Crataegus-triflora_Cr184TAD,14,86.0504273504274,84.7802531800837,-8.8802531800837
4942,1.82,1.92,72.5,76.3,94.9,22.5,5.1,4,Crataegus-monogyna_Cr206Wiss,14,86.0504273504274,84.7802531800837,-8.48025318008371
4942,2.17,2.3,72.3,76.6,94.4,22.1,5.6,4,Crataegus-laevigata_Cr209Wiss,14,86.0504273504274,84.7802531800837,-8.18025318008371
4942,1.81,1.87,81.2,83.7,97,15.9,3,3,Crataegus-brachyacantha_Cr186TAD,14,86.0504273504274,84.7802531800837,-1.0802531800837
4942,2.22,2.22,83.8,83.8,100,16.2,0,4,Crataegus-calpodendron_Cr183TAD,14,86.0504273504274,84.7802531800837,-0.980253180083707
4942,1.8,1.87,81.2,84.1,96.5,15.3,3.5,2,Sorbus-sambucifolia_S232BIN,14,86.0504273504274,84.7802531800837,-0.68025318008371
4942,1.8,1.87,81.2,84.1,96.5,15.3,3.5,3,Sorbus-aucuparia_S217RU,14,86.0504273504274,84.7802531800837,-0.68025318008371
4942,1.8,1.87,81.2,84.6,96,14.8,4,2,Malus-ombrophila_Mlu225ILL,14,86.0504273504274,84.7802531800837,-0.18025318008371
4942,2.22,2.31,81.2,84.6,96,14.8,4,4,Pourthiaea-villosa_Pour210RU,14,86.0504273504274,84.7802531800837,-0.18025318008371
4942,1.78,2.15,71.4,86.3,82.8,11.3,17.2,5,Crataegus-dahurica_Cr204Bab,14,86.0504273504274,84.7802531800837,1.51974681991629
4942,1.54,1.9,71.4,88,81.2,9.8,18.8,4,Crataegus-aronia_Cr197LE,14,86.0504273504274,84.7802531800837,3.2197468199163
4942,1.76,1.92,81.2,88.6,91.6,10.5,8.4,3,Micromeles-alnifolia_Micr214RU,14,86.0504273504274,84.7802531800837,3.81974681991629
4942,2.22,2.22,94.9,94.9,100,5.1,0,6,Malus-sylvestris_Mlu226BIN,14,86.0504273504274,84.7802531800837,10.1197468199163
4942,3.19,3.19,94.9,94.9,100,5.1,0,6,Crataegus-remotilobata_Cr193GrAl,14,86.0504273504274,84.7802531800837,10.1197468199163
4942,2.09,2.09,95.8,95.8,100,4.2,0,4,Malus-toringo_Mlu238BIN,14,86.0504273504274,84.7802531800837,11.0197468199163
4942,3.2,3.2,100,100,100,0,0,7,Malus-sieversii_Mlu211GrAl,14,86.0504273504274,84.7802531800837,15.2197468199163
4793,0.87,1,0,0,86.7,86.7,13.3,2,Prunus-tenella_Pru285BGUK,15,86.0504273504274,88.9908189122474,-88.9908189122474
4793,1.98,2.02,71.5,73,98,26.5,2,5,Sorbus-tianschanica_S230GrAl,15,86.0504273504274,88.9908189122474,-15.9908189122474
4793,1.91,1.99,72.2,74.9,96.3,24.1,3.7,4,Crataegus-punctata_Cr185TAD,15,86.0504273504274,88.9908189122474,-14.0908189122474
4793,1.58,2.06,67,87.2,76.8,9.8,23.2,5,Crataegus-dahurica_Cr204Bab,15,86.0504273504274,88.9908189122474,-1.79081891224742
4793,1.45,1.88,67,87.2,76.8,9.8,23.2,3,Malus-ombrophila_Mlu225ILL,15,86.0504273504274,88.9908189122474,-1.79081891224742
4793,1.45,1.89,67,87.2,76.8,9.8,23.2,4,Malus-toringo_Mlu238BIN,15,86.0504273504274,88.9908189122474,-1.79081891224742
4793,1.45,1.89,67,87.2,76.8,9.8,23.2,4,Pyrus-regelii_Pyr227GrAl,15,86.0504273504274,88.9908189122474,-1.79081891224742
4793,1.76,1.89,81.3,87.3,93.2,11.9,6.8,5,Sorbus-sambucifolia_S232BIN,15,86.0504273504274,88.9908189122474,-1.69081891224742
4793,1.56,1.9,72.2,88.2,81.9,9.7,18.1,4,Sorbus-aucuparia_S217RU,15,86.0504273504274,88.9908189122474,-0.790818912247417
4793,1.53,1.91,72.2,90.3,79.9,7.7,20.1,4,Crataegus-brachyacantha_Cr186TAD,15,86.0504273504274,88.9908189122474,1.30918108775258
4793,1.62,2.07,72.2,92.1,78.4,6.2,21.6,6,Crataegus-triflora_Cr184TAD,15,86.0504273504274,88.9908189122474,3.10918108775257
4793,1.39,1.93,66.8,92.5,72.2,5.4,27.8,4,Crataegus-pinnatifida_Cr202RU,15,86.0504273504274,88.9908189122474,3.50918108775258
4793,1.39,1.93,67,92.7,72.2,5.2,27.8,4,Malus-sieversii_Mlu211GrAl,15,86.0504273504274,88.9908189122474,3.70918108775258
4793,1.51,1.97,71.5,93.2,76.8,5.2,23.2,4,Crataegus-pentagyna_Cr195RU,15,86.0504273504274,88.9908189122474,4.20918108775258
4793,1.5,1.96,71.9,93.7,76.8,4.8,23.2,4,Crataegus-chlorosarca_Cr196LE,15,86.0504273504274,88.9908189122474,4.70918108775258
4793,1.61,2.1,71.9,93.7,76.8,4.8,23.2,6,Crataegus-laevigata_Cr209Wiss,15,86.0504273504274,88.9908189122474,4.70918108775258
4793,1.78,2.32,72.2,94.1,76.8,4.5,23.2,4,Crataegus-calpodendron_Cr183TAD,15,86.0504273504274,88.9908189122474,5.10918108775257
4793,1.51,1.96,72.2,94.1,76.8,4.5,23.2,4,Pyracantha-coccinea_Pyrn229Dut,15,86.0504273504274,88.9908189122474,5.10918108775257
4793,1.62,2.11,76.4,99.5,76.8,0.4,23.2,5,Crataegus-monogyna_Cr206Wiss,15,86.0504273504274,88.9908189122474,10.5091810877526
4793,1.44,2,71.9,99.6,72.2,0.3,27.8,4,Crataegus-aronia_Cr197LE,15,86.0504273504274,88.9908189122474,10.6091810877526
4793,1.44,2,71.9,99.6,72.2,0.3,27.8,4,Crataegus-pycnoloba_Cr205LE,15,86.0504273504274,88.9908189122474,10.6091810877526
4793,1.82,2.53,71.9,99.6,72.2,0.3,27.8,6,Micromeles-alnifolia_Micr214RU,15,86.0504273504274,88.9908189122474,10.6091810877526
4793,2.2,2.86,76.8,100,76.8,0,23.2,6,Malus-sylvestris_Mlu226BIN,15,86.0504273504274,88.9908189122474,11.0091810877526
4793,1.45,2,72.2,100,72.2,0,27.8,4,Crataegus-remotilobata_Cr193GrAl,15,86.0504273504274,88.9908189122474,11.0091810877526
4793,1.45,2,72.2,100,72.2,0,27.8,4,Pourthiaea-villosa_Pour210RU,15,86.0504273504274,88.9908189122474,11.0091810877526
4793,1.56,2.03,76.8,100,76.8,0,23.2,4,Hesperomeles-obtusifolia_Hsp222TAD,15,86.0504273504274,88.9908189122474,11.0091810877526
4691,0.46,1,0,0,46.4,46.4,53.6,1,Prunus-tenella_Pru285BGUK,16,86.0504273504274,92.2817875757697,-92.2817875757697
4691,1.75,1.75,74.3,74.3,100,25.7,0,4,Crataegus-dahurica_Cr204Bab,16,86.0504273504274,92.2817875757697,-17.9817875757697
4691,1.78,1.78,76.5,76.5,100,23.5,0,4,Crataegus-chlorosarca_Cr196LE,16,86.0504273504274,92.2817875757697,-15.7817875757697
4691,1.87,1.87,86.6,86.6,100,13.4,0,3,Sorbus-sambucifolia_S232BIN,16,86.0504273504274,92.2817875757697,-5.68178757576966
4691,1.87,1.87,86.6,86.6,100,13.4,0,3,Sorbus-tianschanica_S230GrAl,16,86.0504273504274,92.2817875757697,-5.68178757576966
4691,1.87,1.87,86.6,86.6,100,13.4,0,3,Pourthiaea-villosa_Pour210RU,16,86.0504273504274,92.2817875757697,-5.68178757576966
4691,1.87,1.87,86.6,86.6,100,13.4,0,3,Hesperomeles-obtusifolia_Hsp222TAD,16,86.0504273504274,92.2817875757697,-5.68178757576966
4691,1.87,1.87,86.6,86.9,99.6,13,0.4,3,Pyrus-regelii_Pyr227GrAl,16,86.0504273504274,92.2817875757697,-5.38178757576965
4691,1.99,1.99,98,98,100,2,0,4,Crataegus-pinnatifida_Cr202RU,16,86.0504273504274,92.2817875757697,5.71821242423034
4691,2.01,2.01,100,100,100,0,0,4,Crataegus-aronia_Cr197LE,16,86.0504273504274,92.2817875757697,7.71821242423034
4691,2.01,2.01,100,100,100,0,0,4,Malus-sylvestris_Mlu226BIN,16,86.0504273504274,92.2817875757697,7.71821242423034
4691,2.23,2.23,100,100,100,0,0,5,Sorbus-aucuparia_S217RU,16,86.0504273504274,92.2817875757697,7.71821242423034
4691,2.01,2.01,100,100,100,0,0,4,Malus-sieversii_Mlu211GrAl,16,86.0504273504274,92.2817875757697,7.71821242423034
4691,2.01,2.01,100,100,100,0,0,4,Crataegus-remotilobata_Cr193GrAl,16,86.0504273504274,92.2817875757697,7.71821242423034
4691,2.01,2.01,100,100,100,0,0,4,Crataegus-pentagyna_Cr195RU,16,86.0504273504274,92.2817875757697,7.71821242423034
4691,2.01,2.01,100,100,100,0,0,4,Crataegus-triflora_Cr184TAD,16,86.0504273504274,92.2817875757697,7.71821242423034
4691,2.01,2.01,100,100,100,0,0,4,Crataegus-punctata_Cr185TAD,16,86.0504273504274,92.2817875757697,7.71821242423034
4691,2.01,2.01,100,100,100,0,0,3,Malus-ombrophila_Mlu225ILL,16,86.0504273504274,92.2817875757697,7.71821242423034
4691,2.01,2.01,100,100,100,0,0,4,Crataegus-calpodendron_Cr183TAD,16,86.0504273504274,92.2817875757697,7.71821242423034
4691,2.01,2.01,100,100,100,0,0,4,Crataegus-monogyna_Cr206Wiss,16,86.0504273504274,92.2817875757697,7.71821242423034
4691,2.01,2.01,100,100,100,0,0,4,Crataegus-pycnoloba_Cr205LE,16,86.0504273504274,92.2817875757697,7.71821242423034
4691,2.01,2.01,100,100,100,0,0,4,Crataegus-laevigata_Cr209Wiss,16,86.0504273504274,92.2817875757697,7.71821242423034
4691,2.01,2.01,100,100,100,0,0,4,Crataegus-brachyacantha_Cr186TAD,16,86.0504273504274,92.2817875757697,7.71821242423034
4691,2.15,2.15,100,100,100,0,0,5,Micromeles-alnifolia_Micr214RU,16,86.0504273504274,92.2817875757697,7.71821242423034
4691,2.01,2.01,100,100,100,0,0,4,Malus-toringo_Mlu238BIN,16,86.0504273504274,92.2817875757697,7.71821242423034
4691,2.01,2.01,100,100,100,0,0,4,Pyracantha-coccinea_Pyrn229Dut,16,86.0504273504274,92.2817875757697,7.71821242423034
4527,0.94,1.01,0.6,0.6,93.3,92.7,6.7,1,Prunus-tenella_Pru285BGUK,17,86.0504273504274,94.8262482052827,-94.2262482052827
4527,1.95,1.95,93.3,93.3,100,6.7,0,4,Crataegus-aronia_Cr197LE,17,86.0504273504274,94.8262482052827,-1.5262482052827
4527,1.95,1.95,93.3,93.3,100,6.7,0,4,Sorbus-sambucifolia_S232BIN,17,86.0504273504274,94.8262482052827,-1.5262482052827
4527,1.95,1.95,93.3,93.3,100,6.7,0,4,Malus-sylvestris_Mlu226BIN,17,86.0504273504274,94.8262482052827,-1.5262482052827
4527,2.26,2.26,93.3,93.3,100,6.7,0,5,Sorbus-aucuparia_S217RU,17,86.0504273504274,94.8262482052827,-1.5262482052827
4527,1.95,1.95,93.3,93.3,100,6.7,0,4,Malus-sieversii_Mlu211GrAl,17,86.0504273504274,94.8262482052827,-1.5262482052827
4527,1.95,1.95,93.3,93.3,100,6.7,0,4,Sorbus-tianschanica_S230GrAl,17,86.0504273504274,94.8262482052827,-1.5262482052827
4527,2.57,2.57,93.3,93.3,100,6.7,0,4,Crataegus-punctata_Cr185TAD,17,86.0504273504274,94.8262482052827,-1.5262482052827
4527,3,3,93.3,93.3,100,6.7,0,5,Malus-ombrophila_Mlu225ILL,17,86.0504273504274,94.8262482052827,-1.5262482052827
4527,1.95,1.95,93.3,93.3,100,6.7,0,3,Crataegus-calpodendron_Cr183TAD,17,86.0504273504274,94.8262482052827,-1.5262482052827
4527,2.57,2.57,93.3,93.3,100,6.7,0,3,Crataegus-chlorosarca_Cr196LE,17,86.0504273504274,94.8262482052827,-1.5262482052827
4527,2.73,2.73,93.3,93.3,100,6.7,0,6,Crataegus-laevigata_Cr209Wiss,17,86.0504273504274,94.8262482052827,-1.5262482052827
4527,2.26,2.26,93.3,93.3,100,6.7,0,4,Crataegus-brachyacantha_Cr186TAD,17,86.0504273504274,94.8262482052827,-1.5262482052827
4527,2.26,2.26,93.3,93.3,100,6.7,0,5,Micromeles-alnifolia_Micr214RU,17,86.0504273504274,94.8262482052827,-1.5262482052827
4527,1.95,1.95,93.3,93.3,100,6.7,0,2,Malus-toringo_Mlu238BIN,17,86.0504273504274,94.8262482052827,-1.5262482052827
4527,1.95,1.95,93.3,93.3,100,6.7,0,3,Pyracantha-coccinea_Pyrn229Dut,17,86.0504273504274,94.8262482052827,-1.5262482052827
4527,2.51,2.51,93.3,93.3,100,6.7,0,4,Pyrus-regelii_Pyr227GrAl,17,86.0504273504274,94.8262482052827,-1.5262482052827
4527,2.1,2.1,99,99,100,1,0,4,Crataegus-dahurica_Cr204Bab,17,86.0504273504274,94.8262482052827,4.1737517947173
4527,2.78,2.78,100,100,100,0,0,6,Crataegus-remotilobata_Cr193GrAl,17,86.0504273504274,94.8262482052827,5.1737517947173
4527,3.2,3.2,100,100,100,0,0,5,Crataegus-pentagyna_Cr195RU,17,86.0504273504274,94.8262482052827,5.1737517947173
4527,2.76,2.76,100,100,100,0,0,6,Crataegus-triflora_Cr184TAD,17,86.0504273504274,94.8262482052827,5.1737517947173
4527,3.84,3.84,100,100,100,0,0,7,Crataegus-monogyna_Cr206Wiss,17,86.0504273504274,94.8262482052827,5.1737517947173
4527,3.97,3.97,100,100,100,0,0,12,Crataegus-pinnatifida_Cr202RU,17,86.0504273504274,94.8262482052827,5.1737517947173
4527,2.95,2.95,100,100,100,0,0,6,Crataegus-pycnoloba_Cr205LE,17,86.0504273504274,94.8262482052827,5.1737517947173
4527,2.27,2.27,100,100,100,0,0,5,Pourthiaea-villosa_Pour210RU,17,86.0504273504274,94.8262482052827,5.1737517947173
4527,2.19,2.19,100,100,100,0,0,3,Hesperomeles-obtusifolia_Hsp222TAD,17,86.0504273504274,94.8262482052827,5.1737517947173
4951,1.37,1.37,36.7,36.7,100,63.3,0,4,Prunus-tenella_Pru285BGUK,18,86.0504273504274,96.777598696859,-60.077598696859
4951,1.74,1.74,73.9,73.9,100,26.1,0,2,Malus-sieversii_Mlu211GrAl,18,86.0504273504274,96.777598696859,-22.877598696859
4951,2.54,2.54,81,81,100,19,0,3,Crataegus-monogyna_Cr206Wiss,18,86.0504273504274,96.777598696859,-15.777598696859
4951,1.82,1.82,82.1,82.1,100,17.9,0,2,Crataegus-triflora_Cr184TAD,18,86.0504273504274,96.777598696859,-14.677598696859
4951,1.94,1.94,93.2,93.4,99.8,6.6,0.2,2,Malus-sylvestris_Mlu226BIN,18,86.0504273504274,96.777598696859,-3.37759869685897
4951,2.67,2.67,93.6,93.6,100,6.4,0,4,Crataegus-pinnatifida_Cr202RU,18,86.0504273504274,96.777598696859,-3.17759869685898
4951,2.68,2.68,96.4,96.4,100,3.6,0,3,Crataegus-chlorosarca_Cr196LE,18,86.0504273504274,96.777598696859,-0.377598696858968
4951,1.99,1.99,98,98,100,2,0,2,Malus-toringo_Mlu238BIN,18,86.0504273504274,96.777598696859,1.22240130314103
4951,1.99,1.99,99.5,99.5,100,0.5,0,2,Crataegus-aronia_Cr197LE,18,86.0504273504274,96.777598696859,2.72240130314103
4951,1.99,1.99,99.5,99.5,100,0.5,0,2,Crataegus-pycnoloba_Cr205LE,18,86.0504273504274,96.777598696859,2.72240130314103
4951,2,2,99.5,99.5,100,0.5,0,2,Micromeles-alnifolia_Micr214RU,18,86.0504273504274,96.777598696859,2.72240130314103
4951,1.99,1.99,99.5,99.5,100,0.5,0,2,Hesperomeles-obtusifolia_Hsp222TAD,18,86.0504273504274,96.777598696859,2.72240130314103
4951,2.44,2.44,100,100,100,0,0,3,Sorbus-sambucifolia_S232BIN,18,86.0504273504274,96.777598696859,3.22240130314103
4951,3.11,3.11,100,100,100,0,0,4,Crataegus-dahurica_Cr204Bab,18,86.0504273504274,96.777598696859,3.22240130314103
4951,2.44,2.44,100,100,100,0,0,3,Sorbus-aucuparia_S217RU,18,86.0504273504274,96.777598696859,3.22240130314103
4951,2.65,2.65,100,100,100,0,0,4,Crataegus-remotilobata_Cr193GrAl,18,86.0504273504274,96.777598696859,3.22240130314103
4951,2.01,2.01,100,100,100,0,0,2,Crataegus-pentagyna_Cr195RU,18,86.0504273504274,96.777598696859,3.22240130314103
4951,2.66,2.66,100,100,100,0,0,5,Sorbus-tianschanica_S230GrAl,18,86.0504273504274,96.777598696859,3.22240130314103
4951,2.01,2.01,100,100,100,0,0,2,Crataegus-punctata_Cr185TAD,18,86.0504273504274,96.777598696859,3.22240130314103
4951,2.82,2.82,100,100,100,0,0,3,Malus-ombrophila_Mlu225ILL,18,86.0504273504274,96.777598696859,3.22240130314103
4951,2.01,2.01,100,100,100,0,0,2,Crataegus-calpodendron_Cr183TAD,18,86.0504273504274,96.777598696859,3.22240130314103
4951,2.82,2.82,100,100,100,0,0,3,Crataegus-laevigata_Cr209Wiss,18,86.0504273504274,96.777598696859,3.22240130314103
4951,2,2,100,100,100,0,0,2,Pourthiaea-villosa_Pour210RU,18,86.0504273504274,96.777598696859,3.22240130314103
4951,2.83,2.83,100,100,100,0,0,3,Crataegus-brachyacantha_Cr186TAD,18,86.0504273504274,96.777598696859,3.22240130314103
4951,2.01,2.01,100,100,100,0,0,2,Pyracantha-coccinea_Pyrn229Dut,18,86.0504273504274,96.777598696859,3.22240130314103
4951,2.81,2.81,100,100,100,0,0,3,Pyrus-regelii_Pyr227GrAl,18,86.0504273504274,96.777598696859,3.22240130314103
4724,1.15,1.48,37,47.6,77.7,40.8,22.3,2,Prunus-tenella_Pru285BGUK,19,86.0504273504274,98.2649974198965,-50.6649974198965
4724,1.73,1.73,72.1,72.1,100,27.9,0,2,Sorbus-tianschanica_S230GrAl,19,86.0504273504274,98.2649974198965,-26.1649974198965
4724,4.2,4.2,77.7,77.7,100,22.3,0,10,Pyrus-regelii_Pyr227GrAl,19,86.0504273504274,98.2649974198965,-20.5649974198965
4724,1.9,1.9,88,88,100,12,0,2,Hesperomeles-obtusifolia_Hsp222TAD,19,86.0504273504274,98.2649974198965,-10.2649974198965
4724,3.79,3.79,88,88,100,12,0,8,Malus-toringo_Mlu238BIN,19,86.0504273504274,98.2649974198965,-10.2649974198965
4724,2.39,2.39,99.8,99.8,100,0.2,0,3,Crataegus-monogyna_Cr206Wiss,19,86.0504273504274,98.2649974198965,1.53500258010351
4724,2.39,2.39,99.8,99.8,100,0.2,0,3,Crataegus-laevigata_Cr209Wiss,19,86.0504273504274,98.2649974198965,1.53500258010351
4724,2.3,2.3,100,100,100,0,0,3,Crataegus-aronia_Cr197LE,19,86.0504273504274,98.2649974198965,1.73500258010351
4724,3.14,3.14,100,100,100,0,0,8,Sorbus-sambucifolia_S232BIN,19,86.0504273504274,98.2649974198965,1.73500258010351
4724,4.86,4.86,100,100,100,0,0,10,Malus-sylvestris_Mlu226BIN,19,86.0504273504274,98.2649974198965,1.73500258010351
4724,2.01,2.01,100,100,100,0,0,2,Crataegus-dahurica_Cr204Bab,19,86.0504273504274,98.2649974198965,1.73500258010351
4724,2.02,2.02,100,100,100,0,0,3,Sorbus-aucuparia_S217RU,19,86.0504273504274,98.2649974198965,1.73500258010351
4724,3.71,3.71,100,100,100,0,0,5,Malus-sieversii_Mlu211GrAl,19,86.0504273504274,98.2649974198965,1.73500258010351
4724,2.73,2.73,100,100,100,0,0,3,Crataegus-remotilobata_Cr193GrAl,19,86.0504273504274,98.2649974198965,1.73500258010351
4724,2.53,2.53,100,100,100,0,0,3,Crataegus-pentagyna_Cr195RU,19,86.0504273504274,98.2649974198965,1.73500258010351
4724,2.01,2.01,100,100,100,0,0,2,Crataegus-triflora_Cr184TAD,19,86.0504273504274,98.2649974198965,1.73500258010351
4724,2.01,2.01,100,100,100,0,0,2,Crataegus-punctata_Cr185TAD,19,86.0504273504274,98.2649974198965,1.73500258010351
4724,4.55,4.55,100,100,100,0,0,7,Malus-ombrophila_Mlu225ILL,19,86.0504273504274,98.2649974198965,1.73500258010351
4724,2.01,2.01,100,100,100,0,0,2,Crataegus-calpodendron_Cr183TAD,19,86.0504273504274,98.2649974198965,1.73500258010351
4724,2.52,2.52,100,100,100,0,0,3,Crataegus-pinnatifida_Cr202RU,19,86.0504273504274,98.2649974198965,1.73500258010351
4724,2.01,2.01,100,100,100,0,0,2,Crataegus-chlorosarca_Cr196LE,19,86.0504273504274,98.2649974198965,1.73500258010351
4724,2.3,2.3,100,100,100,0,0,3,Crataegus-pycnoloba_Cr205LE,19,86.0504273504274,98.2649974198965,1.73500258010351
4724,3.22,3.22,100,100,100,0,0,5,Pourthiaea-villosa_Pour210RU,19,86.0504273504274,98.2649974198965,1.73500258010351
4724,3.63,3.63,100,100,100,0,0,5,Crataegus-brachyacantha_Cr186TAD,19,86.0504273504274,98.2649974198965,1.73500258010351
4724,2.01,2.01,100,100,100,0,0,2,Micromeles-alnifolia_Micr214RU,19,86.0504273504274,98.2649974198965,1.73500258010351
4724,2,2,100,100,100,0,0,2,Pyracantha-coccinea_Pyrn229Dut,19,86.0504273504274,98.2649974198965,1.73500258010351
4989,0.95,1,0.3,0.3,94.7,94.4,5.3,1,Prunus-tenella_Pru285BGUK,20,86.0504273504274,99.3935869597343,-99.0935869597343
4989,23.46,24.69,94.7,99.7,95,0.3,5,33,Crataegus-triflora_Cr184TAD,20,86.0504273504274,99.3935869597343,0.306413040265682
4989,6.96,7.35,94.7,100,94.7,0,5.3,9,Crataegus-aronia_Cr197LE,20,86.0504273504274,99.3935869597343,0.606413040265679
4989,9.42,9.94,94.7,100,94.7,0,5.3,12,Sorbus-sambucifolia_S232BIN,20,86.0504273504274,99.3935869597343,0.606413040265679
4989,4.83,5.1,94.7,100,94.7,0,5.3,6,Malus-sylvestris_Mlu226BIN,20,86.0504273504274,99.3935869597343,0.606413040265679
4989,12.67,13.38,94.7,100,94.7,0,5.3,16,Crataegus-dahurica_Cr204Bab,20,86.0504273504274,99.3935869597343,0.606413040265679
4989,7.94,8.38,94.7,100,94.7,0,5.3,10,Sorbus-aucuparia_S217RU,20,86.0504273504274,99.3935869597343,0.606413040265679
4989,5.41,5.72,94.7,100,94.7,0,5.3,6,Malus-sieversii_Mlu211GrAl,20,86.0504273504274,99.3935869597343,0.606413040265679
4989,7.83,8.27,94.7,100,94.7,0,5.3,9,Crataegus-remotilobata_Cr193GrAl,20,86.0504273504274,99.3935869597343,0.606413040265679
4989,14.51,15.33,94.7,100,94.7,0,5.3,21,Crataegus-pentagyna_Cr195RU,20,86.0504273504274,99.3935869597343,0.606413040265679
4989,5.7,6.02,94.7,100,94.7,0,5.3,6,Sorbus-tianschanica_S230GrAl,20,86.0504273504274,99.3935869597343,0.606413040265679
4989,13.37,14.12,94.7,100,94.7,0,5.3,15,Crataegus-punctata_Cr185TAD,20,86.0504273504274,99.3935869597343,0.606413040265679
4989,5.76,6.09,94.7,100,94.7,0,5.3,7,Malus-ombrophila_Mlu225ILL,20,86.0504273504274,99.3935869597343,0.606413040265679
4989,15.14,15.99,94.7,100,94.7,0,5.3,18,Crataegus-calpodendron_Cr183TAD,20,86.0504273504274,99.3935869597343,0.606413040265679
4989,7.1,7.49,94.7,100,94.7,0,5.3,9,Crataegus-monogyna_Cr206Wiss,20,86.0504273504274,99.3935869597343,0.606413040265679
4989,11.79,12.45,94.7,100,94.7,0,5.3,24,Crataegus-pinnatifida_Cr202RU,20,86.0504273504274,99.3935869597343,0.606413040265679
4989,10.49,11.08,94.7,100,94.7,0,5.3,13,Crataegus-chlorosarca_Cr196LE,20,86.0504273504274,99.3935869597343,0.606413040265679
4989,8.41,8.88,94.7,100,94.7,0,5.3,10,Crataegus-pycnoloba_Cr205LE,20,86.0504273504274,99.3935869597343,0.606413040265679
4989,14.73,15.55,94.7,100,94.7,0,5.3,22,Crataegus-laevigata_Cr209Wiss,20,86.0504273504274,99.3935869597343,0.606413040265679
4989,10.83,11.43,94.7,100,94.7,0,5.3,13,Pourthiaea-villosa_Pour210RU,20,86.0504273504274,99.3935869597343,0.606413040265679
4989,12.92,13.64,94.7,100,94.7,0,5.3,17,Crataegus-brachyacantha_Cr186TAD,20,86.0504273504274,99.3935869597343,0.606413040265679
4989,10.18,10.75,94.7,100,94.7,0,5.3,11,Micromeles-alnifolia_Micr214RU,20,86.0504273504274,99.3935869597343,0.606413040265679
4989,5.73,6.05,94.7,100,94.7,0,5.3,7,Hesperomeles-obtusifolia_Hsp222TAD,20,86.0504273504274,99.3935869597343,0.606413040265679
4989,6.36,6.72,94.7,100,94.7,0,5.3,7,Malus-toringo_Mlu238BIN,20,86.0504273504274,99.3935869597343,0.606413040265679
4989,7.3,7.71,94.7,100,94.7,0,5.3,9,Pyracantha-coccinea_Pyrn229Dut,20,86.0504273504274,99.3935869597343,0.606413040265679
4989,6.53,6.89,94.7,100,94.7,0,5.3,9,Pyrus-regelii_Pyr227GrAl,20,86.0504273504274,99.3935869597343,0.606413040265679
